<?xml version="1.0" encoding="UTF-8"?>

<!-- 
 * i18n-l10n.xml
 *
 * Copyright (C) 2019 Universidad de Sevilla
 * 
 * The use of this project is hereby constrained to the conditions of the 
 * TDG Licence, a copy of which you may download from 
 * http://www.tdg-seville.info/License.html
 -->

<beans xmlns="http://www.springframework.org/schema/beans"
	xmlns:xsi="http://www.w3.org/2001/XMLSchema-instance" xmlns:util="http://www.springframework.org/schema/util"
	xsi:schemaLocation="
		http://www.springframework.org/schema/beans http://www.springframework.org/schema/beans/spring-beans-4.0.xsd
		http://www.springframework.org/schema/util http://www.springframework.org/schema/util/spring-util-4.0.xsd 
	">

	<util:list id="messages">
		<value>/views/master-page/messages</value>
		<value>/views/misc/messages</value>
		<value>/views/security/messages</value>		
		<value>/views/welcome/messages</value>
		
		<value>/views/administrator/messages</value>
		<value>/views/customer/messages</value>
		<value>/views/profile/messages</value>
		
		<value>/views/notification/messages</value>
		<value>/views/position/messages</value>				
		
		<value>/views/company/messages</value>
		<value>/views/curricula/messages</value>
		<value>/views/personalData/messages</value>
		<value>/views/miscellaneousData/messages</value>
		<value>/views/educationData/messages</value>
		<value>/views/positionData/messages</value>
		
		<value>/views/customizable/messages</value>
		<value>/views/termsAndConditions/messages</value>
		
		<value>/views/finder/messages</value>
		<value>/views/administrator/messages</value>
		<value>/views/problem/messages</value>
		<value>/views/application/messages</value>
		<value>/views/rookie/messages</value>
		<value>/views/item/messages</value>
		<value>/views/audit/messages</value>
		<value>/views/provider/messages</value>
		<value>/views/auditor/messages</value>
		
	</util:list>

</beans>