<?xml version="1.0" encoding="UTF-8"?>

<!-- 
 * security.xml
 *
 * Copyright (C) 2019 Universidad de Sevilla
 * 
 * The use of this project is hereby constrained to the conditions of the 
 * TDG Licence, a copy of which you may download from 
 * http://www.tdg-seville.info/License.html
 -->

<beans xmlns="http://www.springframework.org/schema/beans"
	xmlns:xsi="http://www.w3.org/2001/XMLSchema-instance" xmlns:security="http://www.springframework.org/schema/security"	
	xsi:schemaLocation="
		http://www.springframework.org/schema/beans http://www.springframework.org/schema/beans/spring-beans-4.0.xsd		
        http://www.springframework.org/schema/security http://www.springframework.org/schema/security/spring-security-3.2.xsd
    ">

	<!-- Security infrastructure -->

	<bean id="loginService" class="security.LoginService" />

	<bean id="passwordEncoder"
		class="org.springframework.security.authentication.encoding.Md5PasswordEncoder" />

	<!-- Access control -->

	<security:http auto-config="true" use-expressions="true">
		<security:intercept-url pattern="/" access="permitAll" /> 

		<security:intercept-url pattern="/favicon.ico" access="permitAll" /> 
		<security:intercept-url pattern="/images/**" access="permitAll" /> 
		<security:intercept-url pattern="/scripts/**" access="permitAll" /> 
		<security:intercept-url pattern="/styles/**" access="permitAll" /> 

		<security:intercept-url pattern="/views/misc/index.jsp" access="permitAll" /> 

		<security:intercept-url pattern="/security/login.do" access="permitAll" /> 
		<security:intercept-url pattern="/security/register.do" access="permitAll" /> 
		<security:intercept-url pattern="/security/loginFailure.do" access="permitAll" /> 

		<security:intercept-url pattern="/welcome/index.do" access="permitAll" /> 

		<security:intercept-url pattern="/company/administrator/update.do" access="hasRole('ADMIN')" /> 
		<security:intercept-url pattern="/company/administrator/list.do" access="hasRole('ADMIN')" /> 
		<security:intercept-url pattern="/administrator/dashboard.do" access="hasRole('ADMIN')" /> 
		<security:intercept-url pattern="/administrator/create.do" access="hasRole('ADMIN')" /> 
		<security:intercept-url pattern="/administrator/edit.do" access="hasRole('ADMIN')" /> 
		<security:intercept-url pattern="/auditor/administrator/create.do" access="hasRole('ADMIN')" /> 
		<security:intercept-url pattern="/auditor/administrator/edit.do" access="hasRole('ADMIN')" /> 
		
		<security:intercept-url pattern="/profile/personal-datas.do" access="isAuthenticated()" /> 
		<security:intercept-url pattern="/profile/edit-administrator.do" access="hasRole('ADMIN')" /> 
		<security:intercept-url pattern="/profile/edit-company.do" access="hasRole('COMPANY')" />
		<security:intercept-url pattern="/profile/edit-rookie.do" access="hasRole('ROOKIE')" />
		<security:intercept-url pattern="/profile/edit-provider.do" access="hasRole('PROVIDER')" />
		<security:intercept-url pattern="/profile/edit-auditor.do" access="hasRole('AUDITOR')" />
		<security:intercept-url pattern="/auditor/assing-position.do" access="hasRole('AUDITOR')" />
		<security:intercept-url pattern="/auditor/assingPositions.do" access="hasRole('AUDITOR')" />
		<security:intercept-url pattern="/export/json.do" access="isAuthenticated()" /> 
		
		<security:intercept-url pattern="/notification/actor/list.do" access="isAuthenticated()" />
		<security:intercept-url pattern="/notification/actor/show.do" access="isAuthenticated()" />
		<security:intercept-url pattern="/notification/administrator/create.do" access="hasRole('ADMIN')" />
		<security:intercept-url pattern="/notification/administrator/edit.do" access="hasRole('ADMIN')" />
			 
		<security:intercept-url pattern="/position/company/list.do" access="hasRole('COMPANY')" />
		<security:intercept-url pattern="/position/company/edit.do" access="hasRole('COMPANY')" />
		<security:intercept-url pattern="/position/company/create.do" access="hasRole('COMPANY')" />
		<security:intercept-url pattern="/position/company/show.do" access="hasRole('COMPANY')" />
		<security:intercept-url pattern="/position/company/cancel.do" access="hasRole('COMPANY')" />
		
		
		<security:intercept-url pattern="/problem/company/list.do" access="hasRole('COMPANY')" />
		<security:intercept-url pattern="/problem/company/create.do" access="hasRole('COMPANY')" />
		<security:intercept-url pattern="/problem/company/edit.do" access="hasRole('COMPANY')" />
		<security:intercept-url pattern="/problem/company/show.do" access="hasRole('COMPANY')" />
		
		<security:intercept-url pattern="/application/rookie/list.do" access="hasRole('ROOKIE')" />
		<security:intercept-url pattern="/application/rookie/edit.do" access="hasRole('ROOKIE')" />
		<security:intercept-url pattern="/application/rookie/show.do" access="hasRole('ROOKIE')" />
		<security:intercept-url pattern="/application/rookie/create.do" access="hasRole('ROOKIE')" />
		
		<security:intercept-url pattern="/application/company/list.do" access="hasRole('COMPANY')" />
		<security:intercept-url pattern="/application/company/edit.do" access="hasRole('COMPANY')" />
		<security:intercept-url pattern="/application/company/show.do" access="hasRole('COMPANY')" />
		
		<security:intercept-url pattern="/finder/rookie/clear.do" access="hasRole('ROOKIE')" />
		<security:intercept-url pattern="/finder/rookie/edit.do" access="hasRole('ROOKIE')" />
		<security:intercept-url pattern="/finder/rookie/show.do" access="hasRole('ROOKIE')" />
		
		<security:intercept-url pattern="/curricula/rookie/list.do" access="hasRole('ROOKIE')" />
		<security:intercept-url pattern="/personalData/rookie/**" access="hasRole('ROOKIE')" />
		<security:intercept-url pattern="/miscellaneousData/rookie/**" access="hasRole('ROOKIE')" />
		<security:intercept-url pattern="/educationData/rookie/**" access="hasRole('ROOKIE')" />
		<security:intercept-url pattern="/positionData/rookie/**" access="hasRole('ROOKIE')" />
		
		<security:intercept-url pattern="/audit/auditor/**" access="hasRole('AUDITOR')" />
		<security:intercept-url pattern="/audit/company/**" access="hasRole('COMPANY')" />
		
		<security:intercept-url pattern="/item/provider/list.do" access="hasRole('PROVIDER')" />
		<security:intercept-url pattern="/item/provider/edit.do" access="hasRole('PROVIDER')" />
		<security:intercept-url pattern="/item/provider/show.do" access="hasRole('PROVIDER')" />
		<security:intercept-url pattern="/item/provider/delete.do" access="hasRole('PROVIDER')" />
		<security:intercept-url pattern="/item/list.do" access="isAnonymous()" />
		<security:intercept-url pattern="/item/listProvider.do" access="isAnonymous()" />
		<security:intercept-url pattern="/item/show.do" access="isAnonymous()" />
		
		<security:intercept-url pattern="/company/create.do" access="isAnonymous()" />
		<security:intercept-url pattern="/company/edit.do" access="isAnonymous()" />
		<security:intercept-url pattern="/rookie/create.do" access="isAnonymous()" />
		<security:intercept-url pattern="/rookie/edit.do" access="isAnonymous()" />
		<security:intercept-url pattern="/provider/create.do" access="isAnonymous()" />
		<security:intercept-url pattern="/provider/edit.do" access="isAnonymous()" />
		<security:intercept-url pattern="/provider/list.do" access="isAnonymous()" />
		<security:intercept-url pattern="/position/show.do" access="isAnonymous()" />
		<security:intercept-url pattern="/position/list.do" access="isAnonymous()" />
		<security:intercept-url pattern="/company/list.do" access="isAnonymous()" />
		<security:intercept-url pattern="/position/listAll.do" access="isAnonymous()" />
		<security:intercept-url pattern="/position/search.do" access="isAnonymous()" />
		 <security:intercept-url pattern="/position/company.do" access="isAnonymous()" />
		 

	
		<security:intercept-url pattern="/customizableSystem/administrator/edit.do" access="hasRole('ADMIN')" />
		
	
		<security:intercept-url pattern="/termsAndConditions/show.do" access="permitAll" />
		<security:intercept-url pattern="/**" access="hasRole('NONE')" />

		<security:form-login 
			login-page="/security/login.do"
			password-parameter="password" 
			username-parameter="username"
			authentication-failure-url="/security/loginFailure.do" />

		<security:logout 
			logout-success-url="/" 
			invalidate-session="true" />
	</security:http>

</beans>